Booking_ID,booking_status
INN04969,0.0017198905
INN34541,0.17905402
INN36109,0.14905572
INN01554,0.7868881
INN24975,0.20039776
INN27080,0.2784495
INN29146,0.37925804
INN05926,0.48970148
INN17356,0.40297922
INN25284,0.28574875
INN28043,0.030447165
INN00264,0.95362616
INN36020,0.028894618
INN05558,0.3793821
INN07365,0.36185527
INN35759,0.42687976
INN24606,0.50723255
INN14613,0.058057833
INN00927,0.8218355
INN03156,0.00392755
INN18684,0.18088193
INN24976,0.042604536
INN02773,0.01821226
INN09126,0.41576633
INN23806,0.1863864
INN05911,0.68605584
INN10744,0.21192835
INN18155,0.002109475
INN01732,0.14638282
INN28020,0.0012321479
INN11177,0.0034210796
INN24767,0.14328687
INN24168,0.3620539
INN17657,0.1279486
INN19937,0.22697231
INN10005,0.12392819
INN19470,0.03121355
INN03227,0.5891677
INN20723,0.40417892
INN32020,0.00091539306
INN04254,0.16517359
INN06188,0.20436999
INN19814,0.207292
INN26451,0.3772853
INN07030,0.0045594214
INN34873,0.5799875
INN27817,0.3695336
INN32177,0.4152943
INN05866,0.52280843
INN12355,0.16996658
INN27652,0.022568807
INN27153,0.13635175
INN35279,0.68853915
INN16005,0.42840415
INN12990,0.058975518
INN24073,0.0038563872
INN33637,0.17504047
INN13485,0.35276595
INN16436,0.36887005
INN34987,0.46263984
INN14263,0.09060404
INN35353,0.10295786
INN00269,0.11070932
INN32425,0.22968684
INN27275,0.19957724
INN35034,0.31187332
INN34452,0.23756063
INN35113,0.08481752
INN34588,0.26376075
INN07616,0.43468967
INN26088,0.41229692
INN09286,0.77587116
INN32284,0.115031265
INN13788,0.040037673
INN03704,0.29908872
INN21855,0.041679043
INN16700,0.94253844
INN30579,0.08049492
INN07578,0.28242123
INN05758,0.08722975
INN31672,0.11385677
INN00084,0.76051533
INN15712,0.66873795
INN21926,0.19543093
INN22391,0.27844512
INN34753,0.083150916
INN10927,0.04707951
INN07802,0.07481417
INN06082,0.8830125
INN05187,0.060707804
INN10952,0.28508067
INN16320,0.33340606
INN18055,0.38731208
INN02266,0.19155973
INN33046,0.11251938
INN33753,0.7006571
INN35475,0.63252
INN14908,0.9432949
INN35795,0.06997803
INN35668,0.40853226
INN19700,0.8516937
INN35228,0.37317657
INN12325,0.037064277
INN13499,0.0024765192
INN22534,0.6999263
INN31212,0.16898622
INN33520,0.16987199
INN15795,0.07881915
INN12712,0.60563946
INN07104,0.6083206
INN27400,0.32442984
INN31525,0.3037855
INN18168,0.16339257
INN23731,0.71828294
INN13833,0.85184836
INN28228,0.11390111
INN24517,0.18203469
INN15483,0.5231535
INN20700,0.6885513
INN02650,0.70548505
INN13261,0.039054796
INN30788,0.2322715
INN15499,0.15039636
INN02562,0.40514436
INN29761,0.19418316
INN35910,0.15593448
INN15337,0.58393306
INN00071,0.65036774
INN10545,0.04321063
INN16346,0.00881006
INN08566,0.62029856
INN12010,0.1265363
INN24714,0.008155793
INN04916,0.83770186
INN30066,0.9953792
INN29665,0.13645878
INN31774,0.3126017
INN13827,0.027133316
INN00466,0.763812
INN16884,0.7452963
INN06217,0.014309517
INN18504,0.29103994
INN05180,0.4328611
INN08039,0.40182236
INN00313,0.0040829903
INN04700,0.06686015
INN16731,0.18724953
INN06066,0.20864727
INN05573,0.82500017
INN11238,0.64309853
INN14218,0.15317143
INN26488,0.5709482
INN26079,0.065571316
INN35612,0.40173236
INN31168,0.6867955
INN13144,0.01982016
INN02792,0.27161205
INN34087,0.26536325
INN29578,0.6209325
INN23190,0.09363485
INN01158,0.0002880336
INN02555,0.502278
INN21625,0.2694128
INN28268,0.07681784
INN21241,0.2364971
INN19859,0.015265858
INN01683,0.56669796
INN09949,0.45677814
INN09808,0.8879967
INN29709,0.76442444
INN03894,0.21996798
INN05839,0.9663376
INN03029,0.094070755
INN18224,0.3145267
INN03980,0.5676101
INN13731,0.4636576
INN22867,0.645187
INN20326,0.12872417
INN02970,0.21961656
INN11661,0.0028938334
INN26818,0.6541444
INN26174,0.047313593
INN14495,0.009734726
INN35656,0.3141025
INN29208,0.6121585
INN06268,0.4806639
INN10870,0.15546125
INN15640,0.04281373
INN34774,0.00035678895
INN17039,0.07277073
INN24361,0.34985945
INN11077,0.18971585
INN30989,0.42492178
INN16314,0.07875658
INN16829,0.5267146
INN28490,0.08025914
INN08181,0.4136025
INN12627,0.22960664
INN10390,0.34030506
INN07340,0.66036046
INN23221,0.05140107
INN24006,0.09557147
INN06869,0.77613914
INN29356,0.18967944
INN23147,0.082768284
INN14364,0.07193351
INN31585,0.62914014
INN20551,0.3500233
INN13609,0.07432931
INN00274,0.04405656
INN33001,0.4053216
INN09998,0.31919742
INN10313,0.35185692
INN29439,0.86802405
INN00472,0.06505939
INN21407,0.17410687
INN08669,0.3162962
INN29849,0.028590275
INN29382,0.0052913437
INN34473,0.27266887
INN26219,0.6142669
INN05708,0.46779478
INN13039,0.01565161
INN09593,0.014815806
INN32723,0.20321757
INN25064,0.07714877
INN25451,0.9261068
INN16358,0.16349114
INN31235,0.0060749855
INN30234,0.07865506
INN08364,0.41209754
INN25291,0.0123551
INN14285,0.17308263
INN33508,0.45806178
INN31027,0.2747061
INN22513,0.0030032392
INN01427,0.22355428
INN25173,0.14036217
INN07410,0.21954045
INN08944,0.19795401
INN07450,0.00038591734
INN23336,0.46957058
INN00429,0.18020742
INN09737,0.0022428776
INN12081,0.0025182301
INN27086,0.32816488
INN01913,0.6926909
INN05219,0.2803062
INN00726,0.05777386
INN20387,0.15241462
INN08691,0.43404087
INN28625,0.20599324
INN33466,0.7040917
INN04309,0.8024717
INN28105,0.4887631
INN25383,0.0058036544
INN26142,0.4308154
INN32384,0.23611887
INN18556,0.40510163
INN02901,0.5571824
INN02030,0.34099755
INN29069,0.95045626
INN34358,0.18410397
INN22532,0.17550664
INN01428,0.52041894
INN23630,0.10011476
INN28975,0.4353759
INN15484,0.7746756
INN17992,0.35040912
INN27024,0.092085354
INN17475,0.0249289
INN06283,0.70905507
INN28067,0.3021724
INN09999,0.74445415
INN10649,0.99067116
INN28239,0.39379483
INN21378,0.25822926
INN25490,0.18043989
INN21472,0.32313815
INN30471,0.30697805
INN33507,0.30612808
INN26297,0.11441473
INN03057,0.11207067
INN26999,0.6033599
INN31615,0.4186171
INN12250,0.39932814
INN18579,0.22776748
INN25639,0.47705466
INN33957,0.2682206
INN03841,0.016282294
INN21145,0.3588008
INN11569,0.32377234
INN21762,0.45413896
INN18427,0.18966198
INN04141,0.79750746
INN01762,0.6569237
INN00097,0.7615587
INN24870,0.14676626
INN34008,0.022495246
INN33511,0.0018416949
INN30618,0.06276868
INN34749,0.010051932
INN33193,0.0021954211
INN25873,0.4786979
INN26663,0.38810492
INN21579,0.039785057
INN31014,0.11467969
INN02944,0.23337026
INN06915,0.6903617
INN11989,0.41991192
INN19058,0.051730882
INN05987,0.83187985
INN35018,0.39436814
INN35079,0.21420406
INN13596,0.8377858
INN33039,0.0023192954
INN19855,0.010270139
INN22127,0.6699664
INN26548,0.011934529
INN16027,0.07285219
INN20533,0.7820231
INN07050,0.31798348
INN22715,0.64729863
INN26494,0.34655273
INN18435,0.07785301
INN13643,0.8301663
INN23491,0.6798801
INN15926,0.35161364
INN35698,0.7045387
INN21014,0.46726987
INN02983,0.39398807
INN13721,0.24061541
INN01454,0.26452976
INN24636,0.002841445
INN06966,0.0010174395
INN35306,0.15681498
INN20882,0.06405451
INN07987,0.5533092
INN00145,0.13595597
INN18380,0.17375335
INN34025,0.030038226
INN21248,0.618405
INN26468,0.15212479
INN08547,0.970932
INN17682,0.35368758
INN08929,0.15461276
INN23874,0.0054937433
INN21076,0.6029414
INN29400,0.3669446
INN00960,0.3051273
INN08249,0.21955438
INN24581,0.1718275
INN25235,0.14887427
INN35757,0.89174104
INN35577,0.042051937
INN02993,0.13108638
INN27420,0.62061036
INN14978,0.40003267
INN22762,0.016870502
INN09572,0.72901505
INN22462,0.11959061
INN02533,0.30319858
INN25943,0.16703892
INN12789,0.33735427
INN06316,0.0004682272
INN28108,0.24097684
INN04306,0.0006178186
INN36237,0.19350298
INN27675,0.12660983
INN00076,0.34771565
INN22139,0.9124211
INN04741,0.6332763
INN35923,0.39525983
INN01662,0.15190057
INN31249,0.53248644
INN23946,0.00047841697
INN18405,0.16374378
INN13453,0.118011095
INN21212,0.42412138
INN30649,0.65013456
INN05116,0.116166115
INN26874,0.22953038
INN28050,0.0015310892
INN27594,0.24959998
INN23752,0.34721777
INN20918,0.14347714
INN28613,0.33247402
INN35510,0.26049837
INN02112,0.6141909
INN01537,0.19466774
INN02358,0.3163523
INN14016,0.81306106
INN05227,0.20461583
INN09086,0.0007378735
INN34978,0.7847439
INN08853,0.2967187
INN35860,0.013500829
INN02497,0.6666321
INN29432,0.53849745
INN05628,0.31760693
INN34779,0.37411508
INN12561,0.92151225
INN10497,0.0010368214
INN08493,0.37983716
INN20388,0.26672468
INN28654,0.14455453
INN01708,0.010984938
INN35672,0.9176577
INN15833,0.1265475
INN33082,0.38558775
INN36063,0.4547099
INN20785,0.41088513
INN12054,0.13844271
INN26012,0.18101926
INN01497,0.1894685
INN14434,0.4350465
INN25310,0.6179881
INN31899,0.08169589
INN26696,0.12933873
INN22146,0.0060200025
INN12580,0.3109796
INN22939,0.25333083
INN23537,0.10579544
INN16430,0.3792535
INN27703,0.55108434
INN09734,0.021054938
INN08441,0.971083
INN24127,0.3940043
INN29469,0.7669663
INN02800,0.01136014
INN12234,0.36373046
INN28359,0.058244083
INN25866,0.3788688
INN16049,0.15346022
INN16502,0.22956324
INN22007,0.118529424
INN03663,0.029907098
INN10672,0.21571083
INN13105,0.46611404
INN03706,0.79767776
INN31228,0.8894757
INN16543,0.009959017
INN18124,0.061778434
INN30539,0.17692362
INN18195,0.28365567
INN18487,0.35793385
INN25081,0.6655946
INN00844,0.20465949
INN07666,0.25238392
INN18984,0.6303997
INN32087,0.731591
INN23680,0.010614185
INN10647,0.13738437
INN35165,0.25720704
INN22401,0.17531916
INN15485,0.2594528
INN18567,0.6456699
INN33031,0.121083766
INN35516,0.15332139
INN31543,0.0017214164
INN21090,0.042722635
INN24791,0.42588943
INN09285,0.49105597
INN33248,0.09485769
INN14116,0.26249146
INN24441,0.08461592
INN11766,0.46757507
INN35823,0.17308263
INN16042,0.46734717
INN32338,0.5165746
INN20496,0.05547005
INN34280,0.36934876
INN24242,0.14571898
INN04946,0.062000178
INN34486,0.19719955
INN21056,0.37089548
INN17985,0.79114527
INN01289,0.020737588
INN14496,0.05392502
INN04742,0.33381063
INN27547,0.09060404
INN22134,0.71036994
INN28198,0.26747203
INN20893,0.41860583
INN24869,0.28187987
INN27807,0.032882683
INN25027,0.06059589
INN13227,0.11488252
INN17129,0.5939042
INN33590,0.0021842425
INN32244,0.1944497
INN11655,0.20966008
INN13824,0.27577552
INN15759,0.92295057
INN13131,0.058974598
INN06563,0.40465584
INN05374,0.118922114
INN12182,0.58161914
INN17838,0.2371339
INN34336,0.6487993
INN34780,0.48560786
INN23598,0.1664153
INN18181,0.5529073
INN12587,0.36851594
INN18886,0.37312698
INN00062,0.3844527
INN35615,0.18950014
INN21809,0.7814758
INN08224,0.4470429
INN09528,0.08532251
INN20474,0.057882078
INN28172,0.7170538
INN34703,0.7316726
INN24872,0.87722105
INN09939,0.52090585
INN13910,0.14492488
INN14857,0.7584314
INN06934,0.34378093
INN33502,0.07569541
INN00880,0.047168426
INN11263,0.3382271
INN21909,0.41607475
INN20959,0.8267228
INN31851,0.9169431
INN13723,0.11665463
INN00843,0.05705357
INN21987,0.03954089
INN21717,0.2797976
INN07577,0.19786468
INN15268,0.123064384
INN23080,0.1688563
INN20500,0.44762993
INN15396,0.43318874
INN16318,0.25884327
INN14160,0.91089326
INN22538,0.6220309
INN35673,0.21808946
INN29672,0.09446349
INN33224,0.40627095
INN20269,0.0988508
INN06189,0.22319278
INN05087,0.5280609
INN19899,0.19473642
INN03917,0.16519389
INN20497,0.29803568
INN21332,0.25236508
INN07496,0.064464524
INN00912,0.002214269
INN16676,0.68435305
INN11000,0.7177812
INN13316,0.1883262
INN23539,0.66085047
INN35760,0.02002092
INN35115,0.6149391
INN26569,0.009197586
INN32385,0.062352646
INN20213,0.36689028
INN31726,0.3944196
INN26567,0.54411376
INN20353,0.25945315
INN22808,0.6734203
INN02056,0.054224685
INN01671,0.0005305576
INN01046,0.019756423
INN20265,0.16858807
INN17434,0.048613727
INN02343,0.76900584
INN29826,0.4691463
INN04450,0.0012496928
INN01711,0.019185834
INN20713,0.0054857098
INN01435,0.49042913
INN17093,0.078462094
INN19233,0.07829702
INN12794,0.45965952
INN24471,0.060142316
INN17551,0.41322318
INN22802,0.67321944
INN15469,0.09775686
INN13368,0.8160136
INN12224,0.020281179
INN36060,0.09911958
INN22145,0.37078235
INN20577,0.19652882
INN27018,0.2934023
INN32694,0.34758988
INN09578,0.3494705
INN33547,0.31783068
INN35524,0.6536586
INN25805,0.8772164
INN23211,0.18969746
INN20483,0.38788098
INN34924,0.22512922
INN13099,0.1520023
INN04642,0.23983075
INN30780,0.22818296
INN01333,0.34032446
INN16598,0.71408707
INN26576,0.21749873
INN05690,0.67921287
INN35745,0.3654949
INN11538,0.07062013
INN02542,0.354779
INN07347,0.7192164
INN30283,0.0497866
INN26743,0.05897469
INN24253,0.8534024
INN03549,0.052701913
INN33709,0.32071766
INN03001,0.42805967
INN05153,0.23366916
INN32804,0.01037494
INN26046,0.28848803
INN09930,0.0127370125
INN34498,0.37627763
INN13534,0.6422136
INN32788,0.055883955
INN10275,0.009672975
INN01589,0.8280835
INN13431,0.017639711
INN14682,0.002352456
INN30024,0.28886285
INN28220,0.19876692
INN03569,0.35049152
INN34317,0.025688294
INN36136,0.42756295
INN31449,0.73101836
INN26572,0.492591
INN14979,0.057107255
INN16038,0.25389042
INN09724,0.5039795
INN14632,0.39010033
INN32902,0.118433036
INN33944,0.16526048
INN16473,0.062023956
INN12894,0.20449637
INN07871,0.7520222
INN26370,0.053059954
INN15429,0.7671659
INN29695,0.18918635
INN07730,0.41184828
INN20967,0.6140135
INN12167,0.4230063
INN14935,0.18412597
INN28393,0.47048393
INN32532,0.3596499
INN27721,0.16725731
INN01044,0.02088149
INN02214,0.46407804
INN14559,0.3650827
INN15861,0.30452272
INN13469,0.04898827
INN30703,0.40606266
INN14871,0.0025610377
INN18238,0.75615245
INN02831,0.022750366
INN00005,0.4552426
INN27320,0.3553541
INN11686,0.0004318618
INN11477,0.6153398
INN32675,0.3212658
INN12903,0.6065459
INN25043,0.7983541
INN12285,0.10141689
INN19037,0.28806373
INN03387,0.113974735
INN24586,0.41476586
INN00648,0.47494823
INN12755,0.7502062
INN06225,0.66822034
INN13565,0.48979217
INN10995,0.67770815
INN27411,0.2583888
INN06149,0.8082735
INN26862,0.089974605
INN32602,0.0018862933
INN25687,0.34892875
INN03106,0.0027432695
INN07271,0.26175806
INN03821,0.034735736
INN19091,0.32166448
INN21536,0.21720092
INN28612,0.46469843
INN26157,0.20606486
INN33086,0.5351331
INN26261,0.1798818
INN20034,0.5018041
INN09303,0.317454
INN20572,0.037518587
INN29844,0.04786102
INN22132,0.62232876
INN30805,0.41419202
INN21744,0.8163124
INN25598,0.19609442
INN32885,0.40100434
INN17302,0.122390665
INN31635,0.26036853
INN17665,0.79761964
INN32095,0.4242034
INN14056,0.52646124
INN31957,0.66757286
INN28070,0.036557935
INN12833,0.42961872
INN28104,0.3613043
INN22110,0.074097164
INN35077,0.30677435
INN21817,0.29596478
INN23139,0.027170455
INN30986,0.6220163
INN34508,0.12900324
INN03579,0.021907596
INN22637,0.5130373
INN33947,0.102139115
INN10147,0.57255965
INN28106,0.1745682
INN29373,0.03680466
INN14919,0.48084375
INN09779,0.008607312
INN19411,0.191007
INN10802,0.00018689407
INN15189,0.44597045
INN09431,0.068208225
INN14783,0.016889194
INN02297,0.9951944
INN15057,0.040774215
INN17582,0.0057238387
INN26551,0.7219696
INN01189,0.15143669
INN20730,0.09284724
INN34027,0.35981292
INN02465,0.511489
INN13760,0.93847
INN27410,0.69747055
INN19084,0.09723828
INN17606,0.08735466
INN06848,0.048551604
INN07823,0.6198424
INN29308,0.009108377
INN24674,0.0121199135
INN11571,0.1696362
INN10124,0.30038533
INN04266,0.27184498
INN16580,0.58687663
INN35583,0.05393563
INN21209,0.48861632
INN25774,0.19058436
INN18026,0.0006322324
INN22905,0.8421022
INN03161,0.011816355
INN36021,0.0935439
INN00609,0.046450667
INN07535,0.39924064
INN00929,0.929515
INN11001,0.05703588
INN02278,0.10626767
INN01347,0.6706767
INN07647,0.8213908
INN06861,0.1979748
INN21031,0.6930979
INN12783,0.005838842
INN18964,0.0018616503
INN20154,0.30413744
INN21860,0.27562746
INN14823,0.12685503
INN21659,0.15229046
INN11041,0.42767182
INN33890,0.2861791
INN05343,0.004553852
INN04422,0.04318749
INN10469,0.46497044
INN10091,0.27816036
INN11675,0.5246997
INN27159,0.17478175
INN28149,0.016837051
INN04856,0.2112238
INN19721,0.0032794399
INN27345,0.17418934
INN07328,0.11230893
INN06165,0.13345326
INN32975,0.20461416
INN13868,0.0015314573
INN06495,0.031089287
INN25591,0.124035686
INN03105,0.082248956
INN27764,0.16707915
INN33087,0.00848867
INN18680,0.84781903
INN22037,0.6116994
INN03350,0.7919933
INN01484,0.21134816
INN31062,0.99549806
INN03793,0.038642183
INN05741,0.33755693
INN07760,0.21693896
INN12597,0.60269624
INN14626,0.001356478
INN05534,0.97823274
INN31295,0.13290805
INN15666,0.04989885
INN01399,0.32779014
INN19121,0.29569814
INN08575,0.49700838
INN13888,0.10099239
INN16029,0.07491786
INN03915,0.090274096
INN01759,0.59446347
INN11190,0.235692
INN30930,0.13990255
INN10633,0.03823426
INN11830,0.045177296
INN31859,0.02892809
INN08726,0.009459911
INN08356,0.63309264
INN15269,0.19433072
INN32713,0.55162144
INN21514,0.32043582
INN08286,0.12274518
INN01794,0.36092642
INN29226,0.19533966
INN06232,0.27878734
INN12910,0.3894419
INN03212,0.053938158
INN33806,0.27673078
INN04731,0.31002074
INN16249,0.06406379
INN21735,0.36819673
INN10889,0.041033667
INN15160,0.51673496
INN26360,0.20453516
INN28342,0.41465867
INN30011,0.011523434
INN08921,0.33561248
INN26772,0.5931847
INN07725,0.009369158
INN01417,0.042221066
INN34306,0.39257315
INN07095,0.400686
INN33289,0.0083124405
INN33717,0.29665837
INN09173,0.49105597
INN05461,0.50958675
INN13846,0.055104245
INN03634,0.077134974
INN18737,0.8563696
INN17282,0.75557333
INN23708,0.528736
INN22796,0.095952645
INN28599,0.6584557
INN19033,0.13249221
INN33974,0.57579
INN19392,0.56538993
INN25166,0.7695506
INN36149,0.11264037
INN27332,0.28652543
INN04161,0.027445236
INN18666,0.8141501
INN11794,0.34592736
INN30938,0.7103041
INN29569,0.66546994
INN01254,0.3194514
INN00312,0.07004818
INN27364,0.09011358
INN11779,0.7758152
INN31181,0.84831065
INN06435,0.016874269
INN24897,0.08772791
INN25382,0.15931779
INN32333,0.49027252
INN12540,0.5620212
INN13784,0.5187136
INN34042,0.6238561
INN14472,0.49836516
INN08980,0.66933537
INN07595,0.5942114
INN31229,0.5154698
INN30194,0.64121646
INN17572,0.5110003
INN22518,0.2583302
INN13915,0.017715534
INN27096,0.45570478
INN07500,0.3505185
INN21463,0.41422683
INN18862,0.44167668
INN06044,0.17686462
INN04153,0.25386125
INN14565,0.04863134
INN12084,0.079983965
INN06253,0.6170851
INN06525,0.8729557
INN20078,0.24150184
INN15413,0.43385613
INN26751,0.32164076
INN26664,0.4104623
INN29697,0.041265745
INN27787,0.2080782
INN35537,0.45969525
INN20271,0.08490903
INN15212,0.41170895
INN17708,0.65770316
INN17092,0.5462117
INN30049,0.49697387
INN23687,0.77022666
INN25208,0.71639824
INN11083,0.65505254
INN23578,0.7076111
INN21648,0.6240573
INN15354,0.16306624
INN20302,0.041030537
INN14687,0.3128576
INN01772,0.17952292
INN18645,0.43006125
INN16471,0.4863798
INN22503,0.31139114
INN06897,0.053252503
INN01488,0.54722327
INN00968,0.37299353
INN21604,0.0019404477
INN09565,0.3229312
INN11809,0.013769757
INN12851,0.429904
INN11752,0.42564183
INN22811,0.20479724
INN11828,0.23080833
INN25434,0.009193954
INN01830,0.6043136
INN32493,0.19162722
INN21528,0.9363012
INN27401,0.34316215
INN16663,0.41416797
INN31078,0.002045613
INN15794,0.19267096
INN09041,0.096013114
INN00014,0.08615945
INN00994,0.55077773
INN33300,0.24952674
INN23086,0.39758635
INN01053,0.19738469
INN25665,0.42044857
INN22213,0.0044225818
INN04772,0.7451504
INN01292,0.40358084
INN01787,0.0015063529
INN28443,0.027892718
INN20527,0.2037033
INN12201,0.0029338384
INN11734,0.7421406
INN15896,0.31964844
INN06046,0.32883993
INN31727,0.28438106
INN10280,0.4704414
INN30182,0.058833443
INN07581,0.09179303
INN08526,0.43550324
INN17076,0.5753078
INN26619,0.3756255
INN33459,0.017134916
INN00711,0.80179685
INN10573,0.30072418
INN06530,0.4344478
INN24522,0.014679572
INN33391,0.9165877
INN30899,0.19643052
INN04904,0.5371885
INN11975,0.007884674
INN13244,0.34636113
INN15835,0.024187716
INN06536,0.32263657
INN28936,0.004283483
INN27895,0.23974852
INN13925,0.9914015
INN10414,0.4016216
INN08241,0.66893584
INN22131,0.64930826
INN08257,0.14085054
INN08179,0.13300374
INN30079,0.010118613
INN19609,0.21596287
INN04204,0.10168282
INN06182,0.036872726
INN05158,0.6859062
INN18868,0.32208806
INN32129,0.0034121738
INN24929,0.52754986
INN20278,0.015846388
INN02309,0.28151646
INN27958,0.22640261
INN18482,0.38564318
INN09705,0.31528616
INN35408,0.002091149
INN25211,0.34588057
INN08867,0.25234833
INN07092,0.49042913
INN03129,0.76727843
INN23103,0.9966822
INN34453,0.33159897
INN17996,0.18803328
INN19550,0.34558544
INN32198,0.086142525
INN23331,0.0905156
INN11964,0.3762677
INN32429,0.045927633
INN06613,0.07178163
INN29369,0.87695813
INN33177,0.45229125
INN21451,0.01757201
INN24232,0.45434076
INN29257,0.4035758
INN33125,0.0013636734
INN30008,0.2888674
INN01577,0.578318
INN14804,0.07954513
INN19894,0.352715
INN25826,0.11357947
INN20993,0.4730891
INN26481,0.00029703608
INN06205,0.007819392
INN24839,0.63785315
INN19265,0.34802753
INN25357,0.23416092
INN32059,0.4348502
INN24449,0.50985885
INN06754,0.54171693
INN12661,0.5331649
INN30339,0.046040636
INN34182,0.36328423
INN28913,0.3422318
INN16675,0.12748122
INN30771,0.7625181
INN22569,0.03781158
INN17910,0.9024265
INN28805,0.047396302
INN19610,0.96311593
INN21380,0.06729786
INN07396,0.56812507
INN22330,0.6676619
INN04919,0.19828454
INN24343,0.37058407
INN09384,0.21113893
INN16384,0.16762523
INN34628,0.31938985
INN29233,0.07478471
INN33456,0.50290316
INN27047,0.11589385
INN29459,0.22310925
INN09050,0.47980267
INN05190,0.32274327
INN27189,0.001669564
INN05326,0.0042650374
INN11283,0.33712265
INN15781,0.4348437
INN22683,0.0018180591
INN18205,0.0024675066
INN20681,0.36894968
INN25047,0.98849523
INN23218,0.4725118
INN31436,0.27654013
INN23857,0.011635361
INN27337,0.11884098
INN22461,0.13389967
INN30544,0.0006703243
INN20508,0.43288454
INN32547,0.12598167
INN12369,0.8098122
INN16786,0.15350258
INN28394,0.41993546
INN33558,0.3939496
INN17441,0.24845827
INN15467,0.19171037
INN21487,0.43122402
INN00201,0.36522746
INN05125,0.58566874
INN30297,0.42366433
INN35669,0.20938893
INN19689,0.329059
INN17522,0.104930975
INN36190,0.66085047
INN00397,0.34366122
INN29780,0.7752469
INN13174,0.0048524207
INN22510,0.6452373
INN13530,0.01970815
INN29445,0.7447255
INN25576,0.050194457
INN20569,0.13206454
INN18506,0.72499436
INN13303,0.47493857
INN07801,0.022001266
INN13313,0.43116763
INN28086,0.4319407
INN35033,0.0013755051
INN13794,0.0017317267
INN04640,0.16772129
INN09038,0.008709614
INN02446,0.7586025
INN09799,0.31585914
INN02744,0.35991532
INN34846,0.45548207
INN20175,0.15278146
INN30620,0.24029927
INN13706,0.31967288
INN00370,0.99192905
INN19826,0.027147543
INN31429,0.04638528
INN14281,0.843738
INN15321,0.22443643
INN20356,0.07954202
INN11223,0.4188576
INN28350,0.6191205
INN36076,0.041804824
INN10748,0.14666376
INN19671,0.6910309
INN04293,0.016515803
INN36045,0.31495067
INN18866,0.022762708
INN18419,0.50730634
INN33617,0.11913535
INN14805,0.14751749
INN33916,0.07638328
INN29752,0.59782225
INN01576,0.0011172141
INN31272,0.40782896
INN15986,0.049492937
INN22353,0.002331055
INN20745,0.5205972
INN10960,0.1659167
INN25148,0.024337396
INN00897,0.00030154985
INN18235,0.4704414
INN12366,0.45434076
INN23551,0.054244444
INN35039,0.43693742
INN22231,0.11675042
INN13798,0.71577954
INN00698,0.08082151
INN13340,0.008600919
INN11181,0.025349095
INN31128,0.7124258
INN32795,0.41127634
INN25780,0.21594758
INN19228,0.61330914
INN26489,0.43489754
INN03101,0.42687997
INN29307,0.2179235
INN31317,0.20116712
INN32501,0.362665
INN01349,0.569687
INN30360,0.51954186
INN31053,0.29421026
INN19833,0.20864977
INN11715,0.0032523754
INN31307,0.22885333
INN34080,0.34146544
INN25076,0.49612027
INN27754,0.25141478
INN28222,0.50809884
INN05771,0.16651303
INN12086,0.21547785
INN11855,0.07560497
INN18153,0.24877942
INN22559,0.38448444
INN03733,0.43910515
INN29881,0.5619624
INN36151,0.66341114
INN30887,0.4568346
INN35274,0.18559362
INN30693,0.17475972
INN19647,0.4862972
INN29723,0.71009415
INN25329,0.9188182
INN34566,0.51918775
INN31178,0.0384569
INN08569,0.28614378
INN03699,0.28250033
INN02593,0.16660053
INN28954,0.20169342
INN35980,0.025193032
INN26914,0.25678095
INN06096,0.20321757
INN00481,0.4546059
INN28207,0.79090005
INN14447,0.8920403
INN02858,0.14456141
INN13239,0.13413092
INN34502,0.00095934607
INN20205,0.000728429
INN08841,0.07510453
INN15273,0.4946903
INN12860,0.46497765
INN30041,0.0012108295
INN33654,0.2726267
INN02044,0.92327064
INN28276,0.01054709
INN35826,0.4368964
INN03287,0.24723813
INN03827,0.4032137
INN05027,0.64112264
INN06748,0.020358471
INN07776,0.0018217649
INN32164,0.119257405
INN08478,0.28393504
INN08613,0.02649558
INN28548,0.33904698
INN02956,0.10086046
INN29839,0.80967134
INN31989,0.4274169
INN14178,0.6344698
INN17914,0.13934916
INN32650,0.22544388
INN07110,0.8504614
INN06269,0.053308893
INN06866,0.012942773
INN16182,0.027350288
INN14911,0.054510172
INN03804,0.4571528
INN26544,0.0108364355
INN07242,0.27210045
INN01808,0.7723984
INN13625,0.76397353
INN31355,0.46492416
INN02208,0.75709194
INN16046,0.021926451
INN09898,0.116192155
INN06907,0.8183623
INN06664,0.31154495
INN01279,0.22291102
INN17056,0.8865415
INN05293,0.4494953
INN27348,0.39951167
INN09745,0.6783463
INN01877,0.657948
INN06880,0.48605514
INN17939,0.9532729
INN16097,0.14283025
INN11473,0.24171138
INN25909,0.7092171
INN08038,0.0030524344
INN10824,0.016625032
INN11770,0.083270155
INN03064,0.026488101
INN11036,0.6544157
INN22993,0.4926904
INN35598,0.44969568
INN33101,0.5239088
INN23160,0.70796883
INN26122,0.91512835
INN26209,0.47132286
INN36260,0.02949615
INN31561,0.23165095
INN06419,0.11178378
INN01271,0.13039008
INN34294,0.25329548
INN26646,0.78812003
INN01091,0.438852
INN15903,0.031836867
INN18471,0.206259
INN14119,0.4225824
INN01865,0.5662713
INN27934,0.62024707
INN05750,0.006741866
INN19115,0.2852336
INN05733,0.8911251
INN24293,0.6081454
INN09117,0.44461998
INN36212,0.077913895
INN19608,0.051432047
INN06015,0.013084361
INN17437,0.9427192
INN03068,0.002613463
INN14219,0.83925366
INN30069,0.31748545
INN00087,0.22080734
INN18876,0.6843666
INN18998,0.7449992
INN05611,0.41983873
INN03726,0.38390014
INN28970,0.02477858
INN05706,0.39636007
INN07546,0.65798444
INN29366,0.4788484
INN35250,0.14221868
INN22606,0.4773228
INN02880,0.15608004
INN03452,0.12598167
INN08815,0.9709202
INN04220,0.22427592
INN13149,0.10460709
INN25804,0.03319214
INN07213,0.079554304
INN31443,0.1720251
INN00280,0.16733196
INN25871,0.64590275
INN22812,0.15353668
INN07306,0.49182877
INN30960,0.32693827
INN21965,0.416714
INN03357,0.11282188
INN29731,0.26021644
INN04449,0.14408462
INN08022,0.3964567
INN30254,0.60255295
INN06207,0.37677637
INN01733,0.07665415
INN35954,0.4123454
INN34967,0.0103249755
INN02981,0.33559555
INN27793,0.002710843
INN21486,0.719285
INN24888,0.44373915
INN15482,0.28815275
INN02305,0.79566705
INN20805,0.19259763
INN22183,0.011159073
INN25101,0.3235811
INN32028,0.19572982
INN35222,0.6637814
INN12670,0.06087762
INN16939,0.048218198
INN16187,0.46766415
INN03220,0.56209856
INN16918,0.112795636
INN00619,0.1370457
INN26665,0.059537847
INN32778,0.19766656
INN21441,0.06866329
INN03654,0.82685494
INN09862,0.3631739
INN20968,0.4533358
INN07758,0.4902334
INN08275,0.068427786
INN34899,0.3182857
INN00252,0.015753012
INN03194,0.028594432
INN25634,0.048119035
INN12378,0.53858644
INN03777,0.07536318
INN35293,0.6675505
INN11509,0.0021292008
INN15686,0.046916537
INN18460,0.019230904
INN04083,0.11579686
INN12189,0.40450272
INN04470,0.07881915
INN02953,0.2019226
INN26233,0.35455686
INN28565,0.15092255
INN34192,0.09831974
INN03781,0.60643405
INN09193,0.2296144
INN29001,0.090431355
INN21983,0.0120885065
INN22129,0.06783282
INN23319,0.6663661
INN23497,0.3999218
INN01228,0.00499271
INN32590,0.20867595
INN06627,0.77861905
INN18465,0.38683283
INN35129,0.16016681
INN31825,0.53744507
INN00735,0.14691475
INN06420,0.32392475
INN16090,0.5511213
INN09332,0.00052621745
INN04572,0.04536416
INN16275,0.17415994
INN21229,0.021046815
INN08591,0.03129949
INN10595,0.33628592
INN35670,0.4101793
INN23451,0.6673565
INN03620,0.3694467
INN36055,0.17279907
INN19280,0.34835845
INN03054,0.18486868
INN23209,0.4270879
INN23766,0.22355118
INN32992,0.48037985
INN35468,0.47781184
INN00832,0.6030273
INN15193,0.9478954
INN35401,0.7061683
INN29297,0.06546914
INN16368,0.17723781
INN26324,0.005601262
INN28323,0.45778295
INN10360,0.056440014
INN14077,0.3037855
INN11496,0.20488115
INN36177,0.20560098
INN23694,0.90980816
INN09153,0.108004175
INN21356,0.17624815
INN06395,0.22933446
INN05012,0.63687605
INN28990,0.42189705
INN12904,0.053317416
INN31486,0.51868397
INN26345,0.15952373
INN20550,0.5476415
INN02868,0.47478577
INN33741,0.84065604
INN06947,0.0023893532
INN23620,0.34591997
INN22460,0.7382273
INN12601,0.96521676
INN08238,0.14524584
INN35839,0.82822174
INN28392,0.0022403211
INN19730,0.10712668
INN01183,0.11892028
INN27699,0.76712257
INN20538,0.7159102
INN00218,0.3897742
INN30316,0.32256657
INN18017,0.42990556
INN02035,0.98918825
INN06736,0.3356101
INN11294,0.010015792
INN28660,0.5087928
INN25900,0.1720168
INN02238,0.77270824
INN15287,0.019069899
INN25654,0.02866435
INN30602,0.61798835
INN11646,0.032355856
INN00944,0.038794003
INN22063,0.5854247
INN03426,0.38520718
INN30800,0.109220795
INN28202,0.470565
INN33606,0.15026659
INN17637,0.62983155
INN29879,0.28978494
INN25263,0.2045454
INN19843,0.3918372
INN28963,0.2494759
INN32869,0.40651146
INN08148,0.25650847
INN05663,0.0006825666
INN24538,0.06728403
INN07561,0.54750466
INN08147,0.45613396
INN27518,0.20054187
INN34572,0.2080253
INN30629,0.36178726
INN27860,0.0010654675
INN19380,0.049657524
INN35840,0.6670631
INN14161,0.096273355
INN01797,0.13587742
INN11547,0.2821232
INN01617,0.6284644
INN08518,0.67998105
INN08221,0.07530482
INN25723,0.40542814
INN13333,0.38257015
INN04811,0.4687817
INN22770,0.37022877
INN25656,0.1709817
INN15169,0.06194012
INN08556,0.8787716
INN08505,0.2503956
INN08294,0.3036335
INN22013,0.23579052
INN34888,0.15648797
INN20297,0.3539794
INN12053,0.14858985
INN17984,0.03530211
INN23405,0.22607435
INN14302,0.0015600765
INN31286,0.35237226
INN31745,0.25802276
INN33014,0.31070495
INN29558,0.0666025
INN02134,0.19837776
INN19768,0.13716199
INN21503,0.013577008
INN22662,0.24138117
INN13374,0.427907
INN22056,0.34394765
INN20443,0.4201093
INN11276,0.4344921
INN13951,0.016955266
INN04852,0.0037215583
INN29466,0.1118186
INN09352,0.045494787
INN22088,0.5910367
INN01403,0.44627395
INN06294,0.00040113195
INN32512,0.11895601
INN18553,0.4568441
INN28265,0.5368037
INN20169,0.84547085
INN29680,0.46341488
INN21297,0.09660835
INN35889,0.23314211
INN33011,0.11089424
INN15538,0.29807633
INN18137,0.0036046251
INN34302,0.11387173
INN25575,0.4236188
INN13828,0.038885076
INN17842,0.6097088
INN10994,0.2506741
INN04456,0.2717373
INN33170,0.16944018
INN10727,0.66578436
INN21876,0.14676626
INN31035,0.49495065
INN27280,0.26271448
INN36112,0.12470713
INN10985,0.045108728
INN15135,0.494096
INN19975,0.118500434
INN01838,0.074130945
INN27338,0.19465724
INN10071,0.39331087
INN20524,0.33850524
INN29843,0.26315603
INN10370,0.091710575
INN06757,0.04701116
INN10425,0.051318806
INN13790,0.01358328
INN22002,0.24614246
INN07887,0.7928214
INN33054,0.46677637
INN23503,0.08482028
INN23102,0.09891981
INN35800,0.1863094
INN18407,0.7491287
INN04914,0.37999585
INN04035,0.6630555
INN09903,0.2549693
INN35145,0.2526359
INN13115,0.7818944
INN34044,0.28994766
INN32678,0.45226765
INN03243,0.41987488
INN29283,0.16353172
INN30124,0.4501359
INN21350,0.077464156
INN35395,0.10917244
INN24495,0.5178963
INN31683,0.67749083
INN03590,0.57922775
INN04986,0.9843349
INN21194,0.09950903
INN03379,0.11043945
INN21636,0.7059864
INN16805,0.46313813
INN30078,0.1746224
INN14898,0.38642237
INN26369,0.19096
INN04593,0.25091282
INN16852,0.1302688
INN00442,0.31518054
INN03834,0.34289178
INN20398,0.16296019
INN12628,0.066896364
INN04281,0.13702849
INN23548,0.6260401
INN25232,0.22127484
INN05344,0.7030279
INN10300,0.83726496
INN21157,0.58901346
INN23840,0.4409306
INN33102,0.24478349
INN28335,0.0041193278
INN02301,0.77887774
INN31863,0.59782225
INN12571,0.42062962
INN06731,0.036704756
INN34378,0.58377564
INN32274,0.3558301
INN09524,0.11151769
INN27728,0.14976378
INN01340,0.11709488
INN07295,0.3913917
INN12485,0.13464527
INN15760,0.07515047
INN35841,0.0027747988
INN19904,0.015790295
INN27108,0.5019648
INN26519,0.4283035
INN07071,0.5613309
INN12987,0.07928479
INN13296,0.6674919
INN28714,0.22207002
INN14914,0.22647175
INN09073,0.95305026
INN28036,0.11554267
INN28669,0.37058407
INN12494,0.050772253
INN14561,0.97774124
INN01641,0.032861564
INN21308,0.061421223
INN21295,0.77378047
INN25266,0.121656895
INN29481,0.89117754
INN06187,0.25544542
INN17897,0.6200804
INN31426,0.70823604
INN17252,0.05934477
INN28053,0.06917976
INN03943,0.20779513
INN23982,0.19965172
INN28710,0.85714227
INN25372,0.69533044
INN27257,0.12163489
INN06552,0.41812134
INN12139,0.34070674
INN10792,0.7742221
INN24388,0.7514099
INN32241,0.2918303
INN11029,0.4541273
INN29791,0.0035519893
INN14582,0.016926827
INN18340,0.22639856
INN00197,0.14618821
INN07881,0.27107668
INN11544,0.5741871
INN27635,0.34234214
INN07948,0.2904103
INN24136,0.9377791
INN19906,0.7269949
INN17955,0.85287786
INN00734,0.6741822
INN21500,0.4184079
INN29263,0.06386997
INN08291,0.6710426
INN24626,0.80179685
INN16695,0.0032357094
INN27740,0.1914339
INN32461,0.0078117223
INN23606,0.42934167
INN07290,0.13317229
INN04286,0.013897399
INN27542,0.033644404
INN07337,0.015746573
INN09996,0.05465264
INN16342,0.7240958
INN00625,0.017615568
INN12537,0.5227961
INN35355,0.5942114
INN25977,0.48517057
INN30578,0.048490148
INN17368,0.4599713
INN11431,0.32965133
INN33249,0.44571203
INN19100,0.2054027
INN01595,0.37897772
INN10277,0.0015874745
INN24900,0.09860278
INN29299,0.17652562
INN21748,0.5303772
INN19761,0.0040132008
INN21139,0.62061036
INN06593,0.059106898
INN22086,0.014448701
INN23023,0.47945434
INN25660,0.42994082
INN28824,0.43781617
INN25022,0.36993048
INN21787,0.5837826
INN34357,0.31225687
INN02072,0.55062914
INN06761,0.6366375
INN00458,0.36562324
INN27552,0.43720374
INN06586,0.0021745027
INN32235,0.0069976626
INN10422,0.39183074
INN17978,0.16208513
INN18635,0.53919256
INN34148,0.10211173
INN24962,0.48605514
INN21429,0.5719176
INN07304,0.2999237
INN09739,0.5270673
INN05347,0.4655145
INN32015,0.06700214
INN34147,0.045734823
INN15045,0.057221927
INN10658,0.52498394
INN13053,0.48399684
INN24062,0.11301234
INN35881,0.018654443
INN25132,0.14506033
INN35132,0.98771405
INN26847,0.05192522
INN05479,0.046821766
INN24964,0.17795713
INN17412,0.07582668
INN20966,0.29341653
INN32721,0.27926123
INN30437,0.0500069
INN08500,0.3049215
INN16398,0.38805124
INN32901,0.339092
INN32622,0.6465894
INN14454,0.0007076781
INN01682,0.25975138
INN12981,0.08147782
INN10344,0.014730551
INN25320,0.4520152
INN04238,0.4180441
INN23944,0.34275484
INN16766,0.18527068
INN26301,0.09698467
INN12779,0.1428413
INN23193,0.14611852
INN30795,0.93331397
INN32268,0.643853
INN04420,0.113553986
INN04557,0.052990407
INN13489,0.084608294
INN00567,0.38605645
INN21915,0.4037659
INN25295,0.22335231
INN19136,0.99741566
INN02753,0.49227038
INN02961,0.11001921
INN32950,0.12297655
INN10922,0.34942442
INN20202,0.5533092
INN33076,0.93104887
INN30820,0.023094216
INN22074,0.17917436
INN28659,0.18239088
INN01449,0.67175806
INN09762,0.18181534
INN18042,0.14883693
INN22221,0.30607268
INN18796,0.121056736
INN28169,0.11705846
INN32251,0.002861225
INN08280,0.19432028
INN26323,0.39009678
INN08484,0.4268192
INN02677,0.033914782
INN01378,0.53703195
INN19127,0.1325024
INN34194,0.13439344
INN31245,0.5405655
INN24117,0.44122127
INN11129,0.102258936
INN02300,0.641987
INN08846,0.80270356
INN10429,0.64788985
INN23308,0.2366266
INN28992,0.30994475
INN14325,0.01083822
INN17380,0.19993985
INN34126,0.14523661
INN26977,0.069403246
INN23406,0.5740341
INN25152,0.8124064
INN29205,0.40954208
INN12089,0.17147446
INN23718,0.045603342
INN05173,0.26164195
INN18036,0.295944
INN26667,0.35521632
INN06003,0.061202697
INN20796,0.3199879
INN05019,0.17054713
INN29941,0.7162244
INN15571,0.057440206
INN01180,0.011159073
INN32242,0.5677137
INN13034,0.26894137
INN24803,0.4971383
INN32019,0.498977
INN18329,0.0020342611
INN14284,0.400147
INN23883,0.43932396
INN25643,0.7398724
INN30099,0.06627756
INN28682,0.2064621
INN07946,0.33781943
INN12427,0.08159532
INN21061,0.793178
INN09677,0.17259291
INN04878,0.2828691
INN18915,0.07802856
INN34648,0.90351254
INN25201,0.26407635
INN17692,0.0034817196
INN18594,0.5471882
INN30991,0.06614843
INN12239,0.05885066
INN19059,0.15450802
INN25491,0.27537882
INN18847,0.24578758
INN08355,0.023957096
INN33390,0.3632101
INN33807,0.05730313
INN28570,0.15482034
INN14778,0.41976118
INN08311,0.19368246
INN21158,0.34202412
INN19712,0.015306944
INN28463,0.64352024
INN33479,0.70402616
INN17929,0.59782225
INN24410,0.2115251
INN19111,0.017005313
INN10926,0.49438012
INN12288,0.01968774
INN06109,0.048897624
INN18271,0.0077130357
INN25885,0.8139182
INN00759,0.08784023
INN18839,0.8035664
INN03567,0.09202611
INN34165,0.27939048
INN06984,0.5467758
INN05361,0.52592057
INN07205,0.34185183
INN04411,0.30834863
INN16621,0.21733846
INN12784,0.30786717
INN35911,0.28478262
INN19388,0.014519592
INN31232,0.011694762
INN05860,0.15665908
INN34577,0.85959643
INN30864,0.43547094
INN19853,0.58687663
INN05922,0.46882275
INN09518,0.33010843
INN14387,0.011537554
INN18528,0.3335466
INN22863,0.78646094
INN31816,0.20980638
INN02276,0.12579307
INN15506,0.43435726
INN34694,0.5351474
INN07325,0.9725691
INN14448,0.027865889
INN21753,0.81139886
INN07025,0.19404523
INN26180,0.13995914
INN28084,0.30502796
INN10804,0.0017960097
INN27432,0.3456623
INN04845,0.7162244
INN36022,0.34289256
INN33600,0.44652596
INN27336,0.01203361
INN03221,0.43224552
INN05328,0.12303129
INN30192,0.11079671
INN30228,0.06553143
INN34071,0.736056
INN32859,0.4342061
INN04950,0.92760986
INN10036,0.9641498
INN16636,0.9369505
INN13757,0.68154716
INN22308,0.9817136
INN28384,0.65770316
INN20121,0.19261096
INN20258,0.032201786
INN21654,0.06536863
INN18869,0.15491717
INN36234,0.3123808
INN16070,0.48289925
INN22730,0.22958045
INN10477,0.5235611
INN03987,0.88665223
INN30774,0.8406282
INN11301,0.14638282
INN14041,0.17955509
INN15392,0.046336655
INN28241,0.86120015
INN19081,0.9033853
INN09415,0.7978343
INN14814,0.38218734
INN13036,0.44078362
INN19443,0.24687311
INN08134,0.36336097
INN26547,0.14891955
INN24069,0.07553891
INN34086,0.39711556
INN28584,0.461504
INN14093,0.009626181
INN29594,0.45306563
INN19107,0.08150997
INN11866,0.4849014
INN35232,0.014997783
INN21259,0.002456698
INN33072,0.24381338
INN15253,0.07890154
INN35055,0.057644516
INN08384,0.1627536
INN23294,0.42433247
INN33015,0.5774377
INN07307,0.80168086
INN20586,0.4769986
INN36223,0.19533421
INN32909,0.4839965
INN14422,0.3846634
INN11800,0.48730418
INN04520,0.039535012
INN03039,0.022257272
INN24994,0.85160637
INN31397,0.039224036
INN34324,0.3655232
INN30098,0.3268775
INN21525,0.12065705
INN20557,0.5854789
INN34433,0.8763184
INN34445,0.48321933
INN08618,0.11726268
INN13439,0.7059566
INN11744,0.8146974
INN30108,0.14638282
INN22164,0.18445633
INN22904,0.9567009
INN19985,0.0059969835
INN13518,0.06079462
INN22950,0.018616203
INN05882,0.019864034
INN06150,0.0010426954
INN24762,0.027534312
INN14453,0.2033785
INN27466,0.4446857
INN09622,0.12651744
INN17114,0.045114964
INN08825,0.0007813359
INN23540,0.39408794
INN08055,0.061711304
INN31756,0.04942243
INN32343,0.026410274
INN03932,0.47657683
INN04606,0.4420231
INN15579,0.117678046
INN07644,0.61040765
INN23602,0.42364177
INN26022,0.07619936
INN14635,0.7041458
INN16304,0.49246895
INN20916,0.06367983
INN19747,0.031087585
INN29647,0.095027015
INN11216,0.26465422
INN12656,0.6610445
INN20116,0.1123212
INN09993,0.48205742
INN13856,0.27637753
INN27661,0.21204193
INN31120,0.45548266
INN33345,0.80179685
INN22473,0.590502
INN29183,0.26987553
INN04203,0.45180872
INN16622,0.11071542
INN07970,0.03545898
INN07918,0.42434227
INN23232,0.15238671
INN12435,0.4218094
INN25108,0.40569636
INN17432,0.51670927
INN28919,0.01824149
INN12262,0.1519513
INN31069,0.48861632
INN22797,0.3061061
INN35050,0.6050505
INN30690,0.6237137
INN14603,0.13085204
INN30204,0.2171467
INN23843,0.07656238
INN03489,0.2170621
INN25854,0.9655915
INN12316,0.3598175
INN02438,0.31316784
INN12300,0.3625697
INN02136,0.13420525
INN25513,0.6911237
INN09713,0.5165954
INN14144,0.3138515
INN26700,0.0019383415
INN33907,0.0082279965
INN13603,0.43270618
INN08529,0.99332196
INN03253,0.65762204
INN05810,0.69139904
INN02639,0.17883125
INN18443,0.45222393
INN09791,0.063378826
INN13376,0.0062326468
INN32827,0.22396392
INN08780,0.19310209
INN00978,0.05647405
INN30689,0.39396927
INN34315,0.37782243
INN31388,0.54776734
INN20710,0.011404874
INN26955,0.4468083
INN34023,0.39431477
INN31097,0.1457809
INN35515,0.30699432
INN18308,0.15751798
INN11428,0.056720365
INN01241,0.10646088
INN17203,0.10378266
INN26041,0.03167889
INN09296,0.35665372
INN05698,0.028670724
INN31734,0.6644496
INN24264,0.03903576
INN21739,0.10984301
INN26434,0.8251926
INN32225,0.018579975
INN00703,0.25730932
INN04521,0.7755847
INN27938,0.4175796
INN35418,0.69139904
INN28071,0.042708598
INN24037,0.5410681
INN15742,0.52665544
INN17962,0.33996618
INN15365,0.42182335
INN34674,0.0026089773
INN09354,0.12154824
INN12620,0.28862756
INN11750,0.17926817
INN35346,0.73079973
INN24906,0.06935188
INN22790,0.43197194
INN15989,0.99116945
INN27138,0.059422497
INN32238,0.39211145
INN25872,0.040498555
INN31786,0.15160398
INN24795,0.46092996
INN08903,0.18296033
INN23374,0.39681077
INN19810,0.0027054367
INN00378,0.009875705
INN10332,0.6798801
INN01299,0.6954437
INN26384,0.44517836
INN22975,0.8592204
INN19211,0.47822544
INN27582,0.027631149
INN12310,0.57632494
INN28365,3.4846416e-05
INN08501,0.045289997
INN04519,0.3003799
INN30224,0.0106934095
INN34810,0.8630516
INN14698,0.2456891
INN17497,0.09549869
INN11516,0.5910686
INN19754,0.28116366
INN01035,0.0007318918
INN10881,0.49826652
INN31963,0.19672419
INN05346,0.018032406
INN12291,0.45470062
INN17965,0.29553458
INN18307,0.46202266
INN02002,0.910111
INN15326,0.41355544
INN36054,0.06570517
INN33578,0.66133434
INN31933,0.19699644
INN27984,0.2288092
INN12832,0.8530136
INN10854,0.14836045
INN29616,0.50809884
INN30086,0.5645605
INN18452,0.0047797523
INN30924,0.106790595
INN03900,0.5710729
INN09452,0.2581057
INN01166,0.26409307
INN00345,0.41712835
INN09505,0.79846585
INN05677,0.05006853
INN03209,0.1655293
INN18408,0.15423858
INN25555,0.20837559
INN30851,0.2704385
INN00140,0.73121816
INN15985,0.052825592
INN24928,0.8935351
INN33083,0.08078188
INN30592,0.99808574
INN30928,0.351053
INN04215,0.48080012
INN14403,0.19833021
INN12519,0.0028736154
INN11558,0.26314092
INN08603,0.33369502
INN26960,0.09282931
INN31506,0.41792995
INN31849,0.64770544
INN10008,0.12947282
INN20647,0.48437276
INN06112,0.021014707
INN33684,0.22126286
INN34466,0.026732367
INN03646,0.44463617
INN05467,0.06661647
INN05253,0.6610445
INN03674,0.057782594
INN02230,0.43973157
INN28912,0.2541991
INN25051,0.22645126
INN19592,0.008757802
INN01283,0.02452311
INN32258,0.28981385
INN18499,0.026505265
INN01591,0.00026903788
INN18054,0.39379483
INN01795,0.41437536
INN10329,0.10258442
INN02875,0.2575025
INN05654,0.025003565
INN21522,0.048644297
INN21473,0.124417014
INN29998,0.0035958656
INN22120,0.14369203
INN07639,0.37085173
INN10128,0.2156439
INN07192,0.33166912
INN25446,0.20178862
INN21904,0.2387239
INN12565,0.35695672
INN33042,0.3079533
INN28692,0.8523364
INN01847,0.32811862
INN04021,0.501952
INN18655,0.21623588
INN18894,0.4469866
INN31293,0.102889515
INN02443,0.0003645176
INN11512,0.38179404
INN29728,0.057663973
INN25791,0.7957113
INN18357,0.41320547
INN15539,0.206259
INN04385,0.8096995
INN01737,0.3322802
INN28238,0.03947655
INN00120,0.012240509
INN25913,0.1632855
INN23073,0.029108582
INN33392,0.0048155286
INN05200,0.1371456
INN16065,0.03118308
INN11905,0.25611246
INN19079,0.3604613
INN29641,0.9540939
INN06482,0.24061806
INN24087,0.83931285
INN22052,0.0012574975
INN02118,0.49293476
INN20593,0.26542825
INN09566,0.16971858
INN33811,0.9568159
INN32025,0.9529662
INN01198,0.0029044957
INN06282,0.412402
INN01669,0.08725451
INN35477,0.2841496
INN16316,0.9277566
INN11998,0.00526636
INN00518,0.05555392
INN18955,0.03505874
INN29370,0.028245548
INN30510,0.3287693
INN28892,0.003984608
INN28422,0.3224009
INN06886,0.024182223
INN31478,0.0656487
INN04507,0.0048379176
INN28884,0.0032606435
INN01073,0.53925335
INN28628,0.0647484
INN05716,0.6605354
INN01276,0.0241392
INN09559,0.82230645
INN02296,0.0017538663
INN03602,0.4367074
INN13063,0.0012522587
INN08041,0.018475257
INN05551,0.49568745
INN04825,0.17391519
INN02745,0.062468573
INN30083,0.49414346
INN10789,0.41483745
INN25968,0.061748356
INN29437,0.14057639
INN09271,0.9728907
INN01931,0.3113252
INN13611,0.08074715
INN20221,0.2756876
INN30009,0.60293466
INN02526,0.839003
INN29142,0.17941873
INN00641,0.32522377
INN27405,0.26078078
INN35990,0.37740508
INN05842,0.014888673
INN04347,0.22509365
INN05684,0.74094
INN30541,0.52266985
INN26277,0.28457814
INN26982,0.4769385
INN25581,0.47151875
INN18247,0.67167556
INN02625,0.57223713
INN09986,0.113666825
INN27215,0.3515321
INN29584,0.17670551
INN12948,0.59034264
INN20022,0.09369073
INN02159,0.17331222
INN19291,0.12154824
INN33179,0.11338564
INN22026,0.11312996
INN10507,0.19568373
INN00242,0.23229757
INN28114,0.30584943
INN07498,0.44620597
INN03266,0.009031735
INN35066,0.13384649
INN15772,0.3376395
INN12408,0.35182682
INN25020,0.34295416
INN07302,0.7716422
INN10138,0.0026158888
INN17202,0.48792353
INN04738,0.3280693
INN05712,0.5729889
INN26518,0.4647957
INN06927,0.69356537
INN32642,0.51778555
INN15177,0.3876674
INN23355,0.52831435
INN21580,0.07742101
INN10371,0.5757033
INN29276,0.5926832
INN21716,0.54053354
INN05357,0.04343598
INN35131,0.4291006
INN08762,0.35047546
INN35806,0.02145094
INN30402,0.92634296
INN16056,0.45474893
INN08427,0.31304696
INN24824,0.0006652305
INN35245,0.45768908
INN01001,0.7441
INN34187,0.1642267
INN14193,0.06115431
INN06216,0.8257885
INN16613,0.094697095
INN15519,0.15529943
INN05355,0.15129724
INN07865,0.11673436
INN15138,0.022570748
INN07031,0.1781309
INN10039,0.43811092
INN12734,0.10886507
INN23281,0.062504955
INN14223,0.58171624
INN04230,0.09298648
INN21010,0.64590275
INN28818,0.49481356
INN05713,0.096731044
INN17391,0.18766142
INN13593,0.24674386
INN20576,0.12965414
INN30053,0.10660376
INN33273,0.022348315
INN02532,0.44273874
INN02762,0.031941336
INN06716,0.12221268
INN13197,0.5366541
INN05755,0.453318
INN17828,0.36968565
INN20741,0.36596453
INN19877,0.7269184
INN27164,0.66862804
INN02096,0.3311854
INN14984,0.9648877
INN03050,0.53801113
INN17118,0.4562171
INN00953,0.1062541
INN05825,0.7277332
INN29304,0.75711644
INN09932,0.2448939
INN29461,0.13617499
INN01663,0.24708305
INN07029,0.65772665
INN18552,0.9109677
INN18218,0.3634968
INN07719,0.45121154
INN20276,0.78265584
INN21284,0.4360607
INN31518,0.25907922
INN18930,0.5933541
INN09441,0.70942473
INN32312,0.6709777
INN20041,0.39102152
INN09147,0.002000168
INN12864,0.63655293
INN05658,0.084382325
INN29544,0.65498686
INN34586,0.033126075
INN28755,0.025439026
INN34351,0.14374483
INN10753,0.031998158
INN32320,0.13317229
INN16031,0.12756
INN23533,0.06761593
INN18436,0.007881631
INN11748,0.8083736
INN20571,0.32527065
INN27896,0.25876075
INN34188,0.07201618
INN07894,0.37400302
INN29385,0.48605514
INN01521,0.011337241
INN20732,0.40590522
INN01244,0.07746949
INN25379,0.0032231354
INN01556,0.37602168
INN33891,0.027958054
INN07034,0.7134515
INN11659,0.60287744
INN29759,0.18050525
INN23813,0.015678756
INN26495,0.4476165
INN09933,0.5460412
INN01890,0.27533832
INN01115,0.24143569
INN18537,0.046283543
INN03930,0.041238774
INN34495,0.6200285
INN24891,0.1955418
INN19047,0.13025603
INN11793,0.48167396
INN08858,0.006271917
INN02449,0.0762595
INN22545,0.62596786
INN01872,0.112574175
INN18539,0.60189515
INN24026,0.1258622
INN18290,0.84054106
INN12610,0.7305136
INN04651,0.98808026
INN14153,0.19672419
INN21721,0.2152444
INN08212,0.0014908733
INN13170,0.013618324
INN08477,0.3513799
INN17116,0.42083085
INN24240,0.7627865
INN21255,0.07745262
INN33433,0.41062623
INN34076,0.04943732
INN09364,0.06720687
INN15349,0.0077846562
INN10728,0.8321446
INN16356,0.28245673
INN08102,0.006940235
INN08226,0.009932179
INN34132,0.049913462
INN10981,0.3790865
INN28034,0.40400377
INN05988,0.04255387
INN28594,0.3987998
INN13538,0.03416989
INN17266,0.28028253
INN09539,0.3055678
INN22872,0.67649263
INN20123,0.17308263
INN28069,0.052874897
INN02579,0.35607064
INN33231,0.21288402
INN11859,0.07591944
INN34506,0.11091779
INN24319,0.381601
INN16510,0.20864727
INN24186,0.18539299
INN08271,0.45965952
INN06804,0.00057056855
INN21874,0.65040344
INN19982,0.15638524
INN05639,0.15026425
INN09329,0.00038650606
INN08046,0.012382176
INN16000,0.030269405
INN35415,0.43907496
INN30150,0.4390631
INN19351,0.2127143
INN15342,0.26666752
INN24331,0.6020399
INN05976,0.038926277
INN17763,0.36087275
INN14665,0.15484354
INN09709,0.37917018
INN12039,0.40744177
INN23876,0.5658444
INN27822,0.98267835
INN00992,0.49462035
INN33222,0.7240256
INN26223,0.4460581
INN22412,0.3212264
INN02313,0.08043769
INN20799,0.4550976
INN18925,0.9867215
INN31347,0.2951888
INN25563,0.63403845
INN29217,0.18095303
INN34038,0.024619104
INN07101,0.0050587812
INN33463,0.3709942
INN15921,0.120745175
INN00500,0.19567624
INN18838,0.47983018
INN28572,0.023057222
INN06621,0.42669827
INN36015,0.01972386
INN01306,0.34385756
INN01348,0.104786366
INN27880,0.48905626
INN01982,0.57468975
INN10666,0.04062688
INN12370,0.0004157624
INN30885,0.0046014665
INN30959,0.15428977
INN05947,0.048522644
INN12348,0.096077845
INN35171,0.0033503803
INN10315,0.3951911
INN26395,0.8384186
INN05220,0.2539036
INN25299,0.33953947
INN02908,0.76783043
INN09961,0.8420434
INN26981,0.10899707
INN12102,0.08647439
INN32447,0.10484133
INN31352,0.22878051
INN21007,0.58494216
INN09780,0.18115728
INN05549,0.09216621
INN15084,0.008184673
INN08414,0.45617086
INN09382,0.0022348578
INN32781,0.1158573
INN17545,0.008088736
INN24296,0.05209355
INN21785,0.9642072
INN13200,0.32007486
INN07432,0.06810775
INN11489,0.014433193
INN23194,0.33365348
INN36240,0.18086572
INN07781,0.7473693
INN31694,0.67209667
INN16214,0.23812558
INN34143,0.020796632
INN06351,0.356819
INN30211,0.18517058
INN09929,0.0102871265
INN26671,0.008354372
INN01992,0.7478076
INN28709,0.3592661
INN01030,0.8307901
INN06272,0.30681574
INN20808,0.049603596
INN36085,0.44925836
INN19298,0.22225963
INN12061,0.22260174
INN35004,0.31351003
INN08919,0.7746289
INN06970,0.4699892
INN11189,0.93205625
INN35335,0.793178
INN26305,0.0004209669
INN34206,0.018244637
INN16719,0.08477282
INN15335,0.47486523
INN05372,0.6412569
INN34766,0.24313311
INN16542,0.6130187
INN06605,0.6878355
INN13083,0.056524046
INN19535,0.45615318
INN06437,0.80457175
INN21957,0.54204315
INN06663,0.09220324
INN34039,0.7061588
INN20489,0.020234276
INN02009,0.18602192
INN22248,0.10439626
INN05876,0.32453024
INN29365,0.12756132
INN19025,0.42495304
INN27828,0.34862489
INN29350,0.35055667
INN29367,0.07838474
INN23884,0.17659943
INN08136,0.28820658
INN07752,0.00051637884
INN04706,0.16707915
INN01093,0.06859205
INN10355,0.50575256
INN02169,0.30116937
INN30126,0.0011659119
INN01034,0.20046076
INN01857,0.8816993
INN03190,0.36221984
INN30591,0.4208794
INN10399,0.6877249
INN32727,0.38921544
INN33808,0.00075881614
INN31211,0.8015783
INN15493,0.7516061
INN20651,0.16521351
INN01079,0.62599266
INN33152,0.05730313
INN35024,0.4122895
INN22547,0.3605016
INN01184,0.32096946
INN04751,0.05846173
INN33058,0.0268571
INN01789,0.18107477
INN33585,0.94633394
INN35327,0.30583468
INN22098,0.17625636
INN28996,0.58864766
INN23671,0.33676338
INN16753,0.08080704
INN07482,0.57454467
INN30114,0.634875
INN23920,0.3059918
INN29829,0.7840606
INN02287,0.7637394
INN07138,0.43463516
INN23339,0.11773579
INN34355,0.14150138
INN21291,0.15317143
INN12363,0.011963476
INN28485,0.11653084
INN21457,0.0005332337
INN11755,0.23857869
INN21900,0.8617858
INN32031,0.42829815
INN15889,0.38402525
INN20402,0.012102689
INN34015,0.013944521
INN06747,0.56484973
INN29105,0.9576635
INN28574,0.91885734
INN15751,0.29293975
INN02139,0.2321302
INN02120,0.02288438
INN26115,0.6098851
INN23748,0.012690179
INN35402,0.29388854
INN04776,0.34582454
INN33504,0.39119938
INN27864,0.37729594
INN20530,0.18557544
INN00517,0.3626372
INN13327,0.0034562962
INN26485,0.118129805
INN24885,0.043714937
INN35044,0.10010669
INN06493,0.31615356
INN11579,0.42917454
INN26336,0.005434255
INN28099,0.03977768
INN18587,0.3244758
INN25088,0.1320339
INN06905,0.57185185
INN17517,0.30261734
INN31323,0.45434746
INN32538,0.81263506
INN04218,0.5024702
INN24368,0.0216005
INN23264,0.38399383
INN25512,0.41652992
INN17419,0.14539467
INN07091,0.6757063
INN07232,0.39169905
INN34381,0.45201722
INN00448,0.20407769
INN19432,0.8209278
INN22475,0.58532727
INN16208,0.31085783
INN02636,0.00286224
INN05149,0.8035784
INN07723,0.36048505
INN28214,0.002593972
INN04323,0.042111333
INN27783,0.6707272
INN32316,0.17432418
INN23618,0.38796476
INN07593,0.39436814
INN22984,0.4125558
INN18875,0.47185978
INN31403,0.36299422
INN16696,0.04307031
INN14982,0.3795169
INN06527,0.24916674
INN29261,0.27302805
INN14425,0.5147016
INN02345,0.5298495
INN33638,0.80838406
INN29928,0.15380362
INN07041,0.06631962
INN23453,0.65036774
INN01119,0.5222415
INN32433,0.084258646
INN03338,0.9942697
INN10055,0.4903092
INN22245,0.15523331
INN23587,0.520761
INN29006,0.6884204
INN13264,0.25721177
INN13884,0.71643317
INN32386,0.6743255
INN00656,0.048554342
INN21914,0.15052281
INN23614,0.622889
INN12733,0.07881915
INN01398,0.01229716
INN19430,0.7383995
INN20874,0.27086988
INN35341,0.09586962
INN35251,0.26484084
INN06040,0.86791056
INN01397,0.2816181
INN18818,0.4814183
INN05046,0.5797172
INN04673,0.56086886
INN32695,0.36094764
INN11719,0.020376705
INN24142,0.079575606
INN01697,0.10201386
INN02347,0.8442571
INN30286,0.36302853
INN33051,0.10976412
INN16711,0.8257885
INN18526,0.021098094
INN09592,0.039600447
INN15209,0.60028446
INN08024,0.992388
INN21368,0.08956145
INN17180,0.6556327
INN34488,0.0028149397
INN24765,0.21451437
INN07331,0.12132252
INN13507,0.11604544
INN25875,0.0033810746
INN22711,0.23133728
INN17664,0.48907635
INN23501,0.41315445
INN25294,0.6779852
INN05428,0.108650446
INN00597,0.534015
INN12568,0.17548855
INN17355,0.39123502
INN11016,0.07687369
INN34895,0.19944479
INN03389,0.1726381
INN13963,0.2995037
INN25500,0.18125379
INN17844,0.31366384
INN14092,0.013746179
INN03848,0.03391576
INN15136,0.0031936807
INN03508,0.005766851
INN15869,0.014917206
INN35036,0.8127892
INN13064,0.15718415
INN14494,0.7098783
INN25078,0.018132381
INN10409,0.44254422
INN13711,0.4144158
INN11045,0.11020695
INN02684,0.5873645
INN25799,0.0074190893
INN09560,0.74340934
INN29615,0.24969639
INN30057,0.48796034
INN31348,0.043610036
INN18858,0.09555338
INN22941,0.39158362
INN01816,0.20880419
INN36121,0.31974742
INN04985,0.10153658
INN33485,0.36182284
INN34916,0.7413336
INN14170,0.19808939
INN08088,0.42630318
INN26193,0.74856234
INN26465,0.5178173
INN01906,0.43667796
INN06312,0.5086417
INN32013,0.11887234
INN15118,0.4254884
INN05599,0.42852613
INN12972,0.17605846
INN15114,0.56284726
INN33452,0.13790643
INN14100,0.12663515
INN04635,0.531397
INN21454,0.13991956
INN27367,0.049077142
INN19428,0.011056779
INN34843,0.42082384
INN28923,0.38640845
INN10430,0.14642265
INN29527,0.3420481
INN08443,0.1663078
INN12891,0.05981094
INN23470,0.15249813
INN15076,0.50476694
INN16267,0.96374464
INN12036,0.21686324
INN35967,0.19022824
INN19633,0.98362017
INN02859,0.13745546
INN10338,0.90322524
INN01413,0.044690073
INN25050,0.28175113
INN33668,0.5657446
INN01324,0.14638282
INN12884,0.3024746
INN00093,0.43717083
INN27477,0.26951593
INN24430,0.36526135
INN31930,0.7942191
INN03836,0.47677445
INN06362,0.09419944
INN06001,0.38944027
INN26980,0.33115903
INN14912,0.9925916
INN07439,0.38463777
INN05815,0.101464026
INN10343,0.5422363
INN34129,0.08280419
INN03886,0.023315925
INN16484,0.7059864
INN06037,0.0021297662
INN19787,0.09806045
INN17042,0.5893397
INN25887,0.209509
INN18248,0.09283175
INN18198,0.091331415
INN07210,0.1911277
INN08887,0.61630434
INN23701,0.2633476
INN28176,0.43743333
INN13505,0.57043415
INN26595,0.07484331
INN31346,0.16287407
INN01424,0.41428244
INN07134,0.8690668
INN05101,0.23304656
INN06952,0.14296526
INN19527,0.10388927
INN30421,0.859252
INN09499,0.3985443
INN36074,0.37553972
INN04158,0.20518808
INN13550,0.4396948
INN32638,0.2969538
INN07572,0.6300785
INN01110,0.078170575
INN08404,0.14457944
INN31492,0.08239469
INN33372,0.029831415
INN15557,0.88189167
INN10697,0.4278062
INN00964,0.4634072
INN33493,0.027558401
INN21610,0.32914442
INN32765,0.047228497
INN07475,0.47108507
INN02975,0.6044772
INN26111,0.53754854
INN17748,0.15765004
INN16170,0.12781617
INN10864,0.17674862
INN08766,0.97922426
INN27010,0.59782225
INN02852,0.033339553
INN12423,0.24171112
INN17080,0.6408011
INN04524,0.7984722
INN01248,0.23398548
INN34853,0.20002261
INN07746,0.13169506
INN16467,0.029583074
INN21833,0.22509365
INN02732,0.15059015
INN25493,0.23747686
INN16615,0.6971771
INN19968,0.02436157
INN13417,0.4574008
INN23149,0.010642048
INN29822,0.20046076
INN16740,0.09699822
INN20778,0.77435386
INN36245,0.6740589
INN11193,0.0027836014
INN21891,0.2624051
INN21971,0.11335969
INN04956,0.17311639
INN36224,0.38793412
INN20442,0.3653953
INN17260,0.3169307
INN10837,0.08096605
INN30776,0.574688
INN09767,0.41449624
INN13195,0.09179003
INN23745,0.39492357
INN08023,0.8249102
INN21993,0.3862717
INN15244,0.4389258
INN12312,0.61455005
INN25083,0.2184495
INN24005,0.5757033
INN18046,0.65632695
INN06047,0.35907093
INN20832,0.45657924
INN03698,0.25565693
INN20780,0.30394873
INN34626,0.28595126
INN20087,0.27622268
INN29714,0.46300215
INN30659,0.045149334
INN30717,0.03133047
INN31888,0.7526338
INN35786,0.7061588
INN10743,0.46969825
INN08571,0.013461119
INN12952,0.008382126
INN06825,0.027380697
INN12629,0.036836665
INN26268,0.2645014
INN14760,0.37463552
INN35751,0.31543216
INN19278,0.40173787
INN07516,0.4189128
INN00757,0.45582414
INN08194,0.0012687648
INN32670,0.61414045
INN35897,0.3555251
INN14332,0.016712004
INN21455,0.4207892
INN02589,0.27405873
INN25367,0.024686286
INN07769,0.42368683
INN30326,0.22459976
INN27586,0.8554295
INN10446,0.3868763
INN16516,0.6389434
INN18191,0.17271121
INN29199,0.69596386
INN22047,0.6535523
INN23128,0.4173495
INN01802,0.2556528
INN14355,0.06893284
INN10785,0.21985017
INN15074,0.41712898
INN20541,0.07194349
INN11147,0.16502935
INN24807,0.2958275
INN17055,0.39814213
INN12023,0.38657963
INN21888,0.41929778
INN34234,0.2563113
INN16089,0.0018302999
INN00828,0.4213433
INN13934,0.14539467
INN15393,0.16472061
INN33462,0.5531626
INN05079,0.005127194
INN03807,0.1367017
INN19898,0.0636896
INN26813,0.53184044
INN29182,0.54273427
INN24480,0.61651003
INN30612,0.61850685
INN11667,0.99206126
INN33320,0.4230792
INN34264,0.21747963
INN33889,0.0021917287
INN10546,0.13829067
INN07654,0.8430373
INN18883,0.47973952
INN05870,0.43270618
INN01132,0.0025525994
INN21242,0.0031665827
INN01960,0.042124413
INN10092,0.04808532
INN07268,0.28699017
INN24302,0.83052284
INN04757,0.07167622
INN19021,0.6798801
INN24997,0.795929
INN00743,0.21318136
INN06238,0.12249828
INN28260,0.2057705
INN09654,0.512171
INN35597,0.08897683
INN11966,0.16373184
INN00513,0.21570587
INN08284,0.5494589
INN23974,0.057509974
INN13989,0.678621
INN34728,0.8474485
INN18033,0.24149644
INN09129,0.4742281
INN13837,0.07696399
INN00594,0.91050875
INN31365,0.20907776
INN00874,0.19817635
INN31953,0.83876234
INN18456,0.5829571
INN00335,0.09376751
INN07021,0.073800765
INN19994,0.011055465
INN08604,0.5462911
INN23894,0.9769945
INN09094,0.24150713
INN13531,0.055031892
INN28508,0.09838986
INN30588,0.007759567
INN20929,0.19022824
INN03661,0.0031624222
INN17704,0.47906378
INN18050,0.70155954
INN14376,0.64206266
INN04029,0.82980335
INN12185,0.42986238
INN28062,0.08302393
INN12415,0.0057542254
INN26364,0.57951915
INN30923,0.2586888
INN06428,0.0058046808
INN13763,0.0041113114
INN23488,0.81822777
INN14757,0.46912134
INN03819,0.23540558
INN28111,0.19772412
INN29885,0.0002761163
INN05395,0.019975312
INN13402,0.42472154
INN00131,0.20056535
INN21867,0.41453555
INN26517,0.7610586
INN06759,0.31777546
INN04851,0.3620539
INN10481,0.15917264
INN10167,0.42904848
INN07933,0.4549636
INN31862,0.034249563
INN36044,0.6674919
INN02727,0.013224483
INN30831,0.0035251349
INN33488,0.0043618088
INN13138,0.07011374
INN34601,0.3169307
INN29551,0.045623966
INN35713,0.94783545
INN08293,0.0006541724
INN25178,0.13094072
INN02835,0.00477256
INN34662,0.33807996
INN10902,0.12378023
INN34919,0.010538165
INN19416,0.38346693
INN27093,0.17698166
INN01514,0.8423805
INN07653,0.35339847
INN12152,0.018294198
INN03069,0.016884841
INN02950,0.00075540994
INN27323,0.55924636
INN12441,0.6275689
INN29170,0.05788789
INN16486,0.4626169
INN11100,0.007983126
INN17019,0.5589161
INN06317,0.39772367
INN16105,0.5140643
INN17405,0.2889685
INN01604,0.50695086
INN14278,0.6651102
INN26910,0.9718774
INN03636,0.092349865
INN24101,0.38762248
INN34865,0.55616766
INN01792,0.073475
INN04464,0.37058407
INN28262,0.57485694
INN34891,0.1683669
INN13809,0.06908621
INN30149,0.14712614
INN09682,0.23524824
INN01332,0.0021716675
INN11154,0.042774834
INN16343,0.033434115
INN17363,0.42731634
INN31948,0.09049393
INN15918,0.27495995
INN21416,0.98333526
INN32939,0.38898468
INN34240,0.47074023
INN28529,0.17651269
INN06995,0.3456031
INN06479,0.41542208
INN19218,0.22461551
INN31444,0.5504456
INN12593,0.512171
INN20365,0.0046999557
INN31180,0.22127903
INN22327,0.09184969
INN32640,0.0439106
INN20960,0.42151573
INN09236,0.33850524
INN11327,0.95915484
INN25105,0.36561126
INN21953,0.10087825
INN00683,0.00028045714
INN27471,0.27791214
INN30956,0.43967548
INN34084,0.31493852
INN29286,0.07611995
INN14418,0.020259343
INN05289,0.3780625
INN29234,0.70447564
INN17942,0.011925368
INN25063,0.4423046
INN24756,0.2916297
INN24258,0.039216194
INN18656,0.11079335
INN30914,0.15288132
INN05086,0.09284389
INN07603,0.71568114
INN23002,0.68853915
INN12112,0.30588907
INN10398,0.4815685
INN27529,0.16362128
INN15240,0.640111
INN30284,0.20743626
INN34060,0.111345574
INN06529,0.07118923
INN33818,0.381656
INN21108,0.43575493
INN29892,0.48140505
INN30734,0.093440644
INN33264,0.06564103
INN32507,0.5304688
INN19723,0.5536146
INN15323,0.24266869
INN07756,0.35993254
INN14157,0.32163578
INN18787,0.99235946
INN01764,0.82396793
INN11977,0.06873891
INN27399,0.34245723
INN23886,0.4361104
INN06157,0.056343775
INN24632,0.59307325
INN35998,0.057308115
INN32534,0.40992376
INN02183,0.33795145
INN10334,0.45901373
INN21135,0.11672701
INN13765,0.44084248
INN10411,0.11521193
INN29571,0.610265
INN08561,0.42798537
INN26034,0.7847993
INN00867,0.24631558
INN00480,0.6602397
INN16873,0.48408666
INN23321,0.37427455
INN03103,0.22077125
INN17017,0.3534631
INN02311,0.3335157
INN21460,0.0022675681
INN34758,0.49438012
INN03594,0.022620518
INN15025,0.60618967
INN05537,0.19818895
INN26691,0.110262014
INN24970,0.22003922
INN00777,0.0025752566
INN21612,0.08554661
INN23415,0.6213778
INN03002,0.7520069
INN28775,0.9028365
INN32326,0.516576
INN14937,0.54572695
INN29627,0.104513824
INN01140,0.054409903
INN14903,0.003896773
INN15179,0.12298151
INN13334,0.3179802
INN02175,0.7667623
INN09335,0.5333249
INN19137,0.68576556
INN04469,0.8280916
INN24852,0.5355762
INN29799,0.4520578
INN24700,0.052662913
INN04784,0.7027743
INN31827,0.6030718
INN31126,0.061708137
INN21488,0.85267276
INN02747,0.35151887
INN34822,0.82608634
INN18907,0.4909183
INN25673,0.4199993
INN30979,0.3686405
INN07786,0.16288681
INN02565,0.057751592
INN28727,0.87570924
INN10891,0.0018336794
INN31640,0.41362476
INN30115,0.30982044
INN32634,0.00319955
INN36271,0.4049564
INN03736,0.8989507
INN12849,0.2734075
INN09646,0.20343539
INN29168,0.32737964
INN13624,0.62141204
INN30585,0.83529377
INN23408,0.39844733
INN10874,0.46029624
INN22675,0.24619246
INN04752,0.35322717
INN18006,0.49169156
INN23363,0.09310136
INN33955,0.57087094
INN26629,0.18971968
INN31410,0.42622286
INN07403,0.5194167
INN04999,0.17211871
INN12052,0.61991787
INN33745,0.5965463
INN29267,0.39460477
INN05485,0.07281416
INN32588,0.8166421
INN27846,0.26437622
INN34554,0.113554046
INN22255,0.029823191
INN31740,0.5934955
INN02618,0.12768725
INN06416,0.9927993
INN06827,0.33695278
INN22122,0.0098437155
INN30073,0.44416294
INN21722,0.15949854
INN02848,0.2718522
INN34347,0.00071707857
INN28621,0.17093831
INN03026,0.2184352
INN25719,0.48317
INN07267,0.70987016
INN26410,0.47467583
INN08752,0.5895695
INN15460,0.17841175
INN09399,0.08114177
INN30744,0.084271505
INN05465,0.0013755418
INN32787,0.85857433
INN01419,0.38649228
INN14833,0.11564552
INN00781,0.34992677
INN23144,0.01672875
INN33662,0.15039636
INN24249,0.30463
INN10199,0.47555944
INN12650,0.12683022
INN33932,0.102681495
INN27771,0.08308105
INN10825,0.02660736
INN07404,0.14591312
INN29613,0.29748374
INN31990,0.4516002
INN32920,0.9632134
INN26998,0.3661309
INN31179,0.009625485
INN11839,0.12447172
INN23400,0.0924214
INN34094,0.24525799
INN22171,0.9739899
INN26659,0.025689349
INN24431,0.82259583
INN16317,0.2174115
INN35942,0.468809
INN33403,0.23832329
INN07194,0.03007945
INN22039,0.38948545
INN36129,0.8067158
INN23474,0.38535473
INN15667,0.10612463
INN27580,0.20942824
INN27070,0.41681838
INN05554,0.49740595
INN15416,0.07638328
INN29994,0.38985476
INN21277,0.07539289
INN21237,0.54738575
INN22436,0.09554071
INN06127,0.7185561
INN33725,0.2722299
INN03249,0.9058071
INN05305,0.9423473
INN23925,0.0015441137
INN22573,0.48231634
INN12569,0.30519402
INN06233,0.050618336
INN30859,0.47708872
INN04041,0.74579066
INN33575,0.008310829
INN03586,0.25549456
INN22813,0.31939
INN14683,0.20090757
INN00981,0.44245037
INN30490,0.15322663
INN07641,0.32247448
INN19835,0.026205644
INN10823,0.32186767
INN24409,0.20247975
INN07681,0.39306876
INN15146,0.29966685
INN21708,0.37246186
INN26362,0.99054986
INN04590,0.6187301
INN07600,0.38464797
INN13696,0.55753505
INN09976,0.6707272
INN29016,0.4084242
INN03059,0.34050816
INN22266,0.6953749
INN32358,0.09500038
INN17760,0.28987637
INN29830,0.514417
INN29950,0.23538731
INN16414,0.21756932
INN17506,0.22921468
INN24391,0.013912051
INN29768,0.046724714
INN22632,0.29668644
INN10830,0.0216005
INN18170,0.19006072
INN18885,0.95759916
INN10646,0.25591856
INN14015,0.052251637
INN23754,0.004329214
INN09535,0.730851
INN27621,0.017222354
INN13209,0.48317
INN34256,0.18020742
INN18417,0.017837165
INN23376,0.7748789
INN06389,0.011708873
INN06481,0.018235192
INN19086,0.5211468
INN00267,0.017719874
INN04406,0.5363693
INN28095,0.086612225
INN16584,0.029198736
INN05778,0.46479958
INN18630,0.47754276
INN07150,0.41667783
INN03843,0.2124616
INN20392,0.37865365
INN34435,0.21530937
INN35689,0.33008915
INN32151,0.091710575
INN19294,0.7712323
INN05688,0.43107685
INN25666,0.012732775
INN19688,0.03233938
INN10099,0.084669955
INN00791,0.3938454
INN29200,0.16256851
INN21803,0.07564285
INN32032,0.37063166
INN26055,0.49961692
INN08154,0.23265426
INN14201,0.37932828
INN19790,0.13253583
INN01443,0.7277814
INN09852,0.69180197
INN30782,0.3480331
INN15728,0.65959483
INN25436,0.6097088
INN25174,0.39016035
INN25595,0.80806553
INN14189,0.1286509
INN23689,0.74219996
INN34056,0.1558324
INN05196,0.3376756
INN05387,0.13731195
INN03616,0.62227434
INN17498,0.05487077
INN04563,0.5516564
INN11685,0.44683906
INN09001,0.0069864825
INN04179,0.03523891
INN14074,0.026079426
INN28978,0.09891981
INN21179,0.130815
INN11478,0.24693723
INN33971,0.27364084
INN33727,0.28974953
INN20490,0.33617797
INN31583,0.10307044
INN05437,0.103012905
INN22562,0.4843797
INN15948,0.17208964
INN01338,0.04530541
INN33287,0.046804383
INN09871,0.025623241
INN05562,0.08961782
INN35877,0.85676646
INN08593,0.003446058
INN32079,0.50205237
INN18903,0.45425692
INN33164,0.18457004
INN03036,0.15986003
INN07824,0.13934916
INN30567,0.5440869
INN07556,0.56005526
INN09772,0.19105272
INN05071,0.30055663
INN31299,0.2221749
INN35559,0.44283083
INN07137,0.30853367
INN21966,0.48861632
INN19396,0.35512513
INN18912,0.45582414
INN28348,0.007813641
INN34344,0.015658224
INN30826,0.49942988
INN15764,0.5413322
INN14122,0.27026573
INN30240,0.2774882
INN10888,0.07484331
INN22130,0.5815609
INN10431,0.0028481446
INN35783,0.040214583
INN14345,0.03693065
INN33548,0.5387339
INN14108,0.3146648
INN21384,0.6132949
INN11450,0.33589455
INN23733,0.09557147
INN01304,0.20555179
INN06014,0.2583519
INN25577,0.40934902
INN16282,0.024670418
INN04868,0.37955558
INN06913,0.17927317
INN21019,0.65013456
INN17100,0.07376394
INN19729,0.05200597
INN01632,0.0856466
INN23697,0.11600306
INN26697,0.17179108
INN33438,0.03255653
INN00891,0.1373602
INN08440,0.831646
INN10899,0.1446843
INN06676,0.07268583
INN12156,0.20012882
INN32161,0.25483721
INN19743,0.50310975
INN13367,0.060523327
INN02731,0.04343598
INN03955,0.5720916
INN07469,0.123817354
INN22054,0.027478633
INN15028,0.3729739
INN29942,0.46045795
INN07818,0.10153617
INN01465,0.39101768
INN00362,0.028278885
INN19007,0.07089811
INN31597,0.450913
INN01431,0.6524471
INN14262,0.071319796
INN02384,0.013762545
INN00492,0.12256902
INN04818,0.4770714
INN28253,0.0055168187
INN28403,0.27900603
INN16890,0.0015501768
INN05166,0.29478812
INN07452,0.00042221154
INN27273,0.032892898
INN33994,0.05823099
INN20273,0.0022541701
INN31003,0.018980287
INN12120,0.0033759563
INN24086,0.30639708
INN07846,0.075370006
INN20604,0.20531666
INN11784,0.019217785
INN06503,0.0010015965
INN35007,0.014991106
INN09017,0.98682433
INN08363,0.61085325
INN00822,0.578007
INN12995,0.21166284
INN05287,0.040126238
INN18872,0.7352916
INN10610,0.46888837
INN07023,0.047635093
INN08758,0.44658244
INN05990,0.113001995
INN15192,0.01585065
INN24251,0.18202308
INN18599,0.13595027
INN16937,0.42641822
INN12245,0.57034546
INN10942,0.29478812
INN24630,0.009306913
INN30904,0.07746502
INN20286,0.63309723
INN06396,0.3169492
INN24411,0.2953394
INN23901,0.14819348
INN26825,0.30111313
INN08278,0.5227472
INN18369,0.36192462
INN29744,0.15359594
INN18531,0.16679533
INN29509,0.96920353
INN22381,0.013218883
INN21862,0.5024993
INN05122,0.45174104
INN08898,0.15163879
INN11680,0.11483743
INN05837,0.45606065
INN12548,0.31619576
INN30287,0.39555952
INN17342,0.0006120131
INN34323,0.78315866
INN08058,0.620583
INN23004,0.0023192954
INN33272,0.34663308
INN10466,0.26523688
INN31226,0.2285247
INN03595,0.43302166
INN08373,0.40459523
INN17883,0.81504804
INN10500,0.47441274
INN07529,0.027128188
INN20692,0.3268294
INN05788,0.011822976
INN27603,0.0026574617
INN18176,0.07006013
INN03862,0.48623073
INN00217,0.024543194
INN20679,0.85243297
INN22182,0.5069748
INN19834,0.83851576
INN23283,0.55853903
INN13821,0.27529433
INN08479,0.06935188
INN13923,0.7146615
INN13460,0.44287077
INN14881,0.2924043
INN28737,0.18551785
INN25011,0.110072516
INN14021,0.0025751463
INN14658,0.0049669724
INN35654,0.07657061
INN10689,0.39143088
INN00776,0.54505867
INN07882,0.11529229
INN04963,0.047427963
INN06528,0.20245291
INN34644,0.3469699
INN28782,0.34932458
INN35441,0.20246208
INN30001,0.58950806
INN20452,0.23958476
INN01457,0.50013345
INN20150,0.11194977
INN00658,0.55947495
INN15748,0.56452745
INN03092,0.33139467
INN08376,0.37733024
INN24845,0.1909618
INN17225,0.21567564
INN03456,0.14262915
INN35127,0.45508182
INN30186,0.32442984
INN09562,0.12748122
INN24680,0.0062708417
INN09793,0.17290498
INN32077,0.36179352
INN28957,0.45911226
INN01724,0.48317
INN27801,0.032679636
INN04690,0.0022444862
INN27873,0.0016343817
INN33853,0.5118223
INN31709,0.23576438
INN05647,0.6194352
INN03786,0.46188053
INN25207,0.40151358
INN09104,0.0018905236
INN12014,0.74343765
INN09061,0.48043954
INN20659,0.00011114024
INN35498,0.06603119
INN30856,0.15184271
INN03800,0.19949609
INN06858,0.8636221
INN26766,0.048038274
INN18921,0.7722599
INN18311,0.23796448
INN18524,0.6386235
INN35021,0.07538418
INN30148,0.43097597
INN16359,0.051605172
INN01901,0.2619408
INN21434,0.5625749
INN06049,0.607895
INN14955,0.22016604
INN15014,0.1939347
INN18398,0.051635377
INN21682,0.2254975
INN28689,0.06962575
INN01230,0.00040753896
INN17024,0.32185146
INN02295,0.629126
INN06129,0.13255382
INN05875,0.13343932
INN30217,0.00044517234
INN15100,0.18226594
INN35339,0.047850255
INN08358,0.37477097
INN02237,0.001977505
INN18761,0.017681563
INN31279,0.02948924
INN21267,0.41957122
INN29541,0.7957567
INN01148,0.086670145
INN15299,0.57422554
INN08472,0.104525566
INN15674,0.32152233
INN32826,0.42811042
INN18336,0.06499073
INN08890,0.89392346
INN27585,0.79771256
INN15047,0.0043838494
INN00574,0.29056504
INN33862,0.1830917
INN22645,0.7376647
INN29910,0.008248719
INN07782,0.5248502
INN04901,0.015201085
INN26265,0.23781046
INN30140,0.2444978
INN09732,0.657948
INN03283,0.38179404
INN14980,0.5979939
INN02857,0.1796157
INN17278,0.48399684
INN22893,0.076648004
INN24693,0.04741591
INN10406,0.470047
INN02768,0.7886484
INN29523,0.0034963107
INN25061,0.37281528
INN08475,0.9807639
INN13558,0.0019858463
INN00626,0.11321475
